;             
CREATE USER IF NOT EXISTS SA SALT 'c7877a888722b625' HASH '5795029df21b0ad1b93e884d792608e2495f54fc9728437ef86957026ba73763' ADMIN;           
CREATE SEQUENCE PUBLIC.SYSTEM_SEQUENCE_C420DC08_DA61_4A9E_AD1D_87188E22BE05 START WITH 8 BELONGS_TO_TABLE;    
CREATE SEQUENCE PUBLIC.SYSTEM_SEQUENCE_1A73F412_358B_43DA_83AA_2BF2119AE6F1 START WITH 2 BELONGS_TO_TABLE;    
CREATE SEQUENCE PUBLIC.SYSTEM_SEQUENCE_CACE10EF_7FBE_4596_8BBD_9629A356C35E START WITH 1 BELONGS_TO_TABLE;    
CREATE SEQUENCE PUBLIC.SYSTEM_SEQUENCE_14619E06_02A9_4A54_9581_F6412BCA186F START WITH 1 BELONGS_TO_TABLE;    
CREATE SEQUENCE PUBLIC.SYSTEM_SEQUENCE_0038E964_7739_469A_8699_F1E78B57341E START WITH 3 BELONGS_TO_TABLE;    
CREATE SEQUENCE PUBLIC.SYSTEM_SEQUENCE_5AA7CC33_0CF2_4D67_86D7_5EBF2FC3D1D1 START WITH 4 BELONGS_TO_TABLE;    
CREATE SEQUENCE PUBLIC.SYSTEM_SEQUENCE_AA77DE01_E64C_4AA9_B2F3_BD5417A3ACFE START WITH 23 BELONGS_TO_TABLE;   
CREATE SEQUENCE PUBLIC.SYSTEM_SEQUENCE_06B91C9B_79D7_43C9_928E_99C1F968E6CD START WITH 4 BELONGS_TO_TABLE;    
CREATE SEQUENCE PUBLIC.SYSTEM_SEQUENCE_C68BAFC9_AE8D_42E0_A60B_71535ECD97DA START WITH 3 BELONGS_TO_TABLE;    
CREATE SEQUENCE PUBLIC.SYSTEM_SEQUENCE_BA631F46_5AF3_4E3C_AD92_7362B6B3FCF9 START WITH 3 BELONGS_TO_TABLE;    
CREATE SEQUENCE PUBLIC.SYSTEM_SEQUENCE_658DDC14_E6DF_4DDD_8987_E1A8619C0EA8 START WITH 3 BELONGS_TO_TABLE;    
CREATE CACHED TABLE PUBLIC.AUTHORITIES(
    AUTHORITIESID INTEGER DEFAULT (NEXT VALUE FOR PUBLIC.SYSTEM_SEQUENCE_06B91C9B_79D7_43C9_928E_99C1F968E6CD) NOT NULL NULL_TO_DEFAULT SEQUENCE PUBLIC.SYSTEM_SEQUENCE_06B91C9B_79D7_43C9_928E_99C1F968E6CD,
    AUTHORITY VARCHAR(255),
    USERNAME VARCHAR(255)
);            
ALTER TABLE PUBLIC.AUTHORITIES ADD CONSTRAINT PUBLIC.CONSTRAINT_A PRIMARY KEY(AUTHORITIESID); 
-- 3 +/- SELECT COUNT(*) FROM PUBLIC.AUTHORITIES;             
INSERT INTO PUBLIC.AUTHORITIES(AUTHORITIESID, AUTHORITY, USERNAME) VALUES
(1, 'ROLE_ADMIN', 'admin'),
(2, 'ROLE_USER', 'cristy'),
(3, 'ROLE_USER', 'dany');
CREATE CACHED TABLE PUBLIC.CART(
    CARTID INTEGER DEFAULT (NEXT VALUE FOR PUBLIC.SYSTEM_SEQUENCE_658DDC14_E6DF_4DDD_8987_E1A8619C0EA8) NOT NULL NULL_TO_DEFAULT SEQUENCE PUBLIC.SYSTEM_SEQUENCE_658DDC14_E6DF_4DDD_8987_E1A8619C0EA8,
    GRANDTOTAL DOUBLE NOT NULL,
    CUSTOMERID INTEGER
);         
ALTER TABLE PUBLIC.CART ADD CONSTRAINT PUBLIC.CONSTRAINT_1 PRIMARY KEY(CARTID);               
-- 2 +/- SELECT COUNT(*) FROM PUBLIC.CART;    
INSERT INTO PUBLIC.CART(CARTID, GRANDTOTAL, CUSTOMERID) VALUES
(1, 40.2, 1),
(2, 0.0, 2);   
CREATE CACHED TABLE PUBLIC.CARTITEM(
    CARTITEMID INTEGER DEFAULT (NEXT VALUE FOR PUBLIC.SYSTEM_SEQUENCE_C420DC08_DA61_4A9E_AD1D_87188E22BE05) NOT NULL NULL_TO_DEFAULT SEQUENCE PUBLIC.SYSTEM_SEQUENCE_C420DC08_DA61_4A9E_AD1D_87188E22BE05,
    QUANTITY INTEGER NOT NULL,
    TOTALPRICE DOUBLE NOT NULL,
    CARTID INTEGER,
    PRODUCTID INTEGER
);             
ALTER TABLE PUBLIC.CARTITEM ADD CONSTRAINT PUBLIC.CONSTRAINT_2 PRIMARY KEY(CARTITEMID);       
-- 1 +/- SELECT COUNT(*) FROM PUBLIC.CARTITEM;
INSERT INTO PUBLIC.CARTITEM(CARTITEMID, QUANTITY, TOTALPRICE, CARTID, PRODUCTID) VALUES
(7, 1, 15.0, 1, 9);  
CREATE CACHED TABLE PUBLIC.COMMENT(
    COMMENTID INTEGER DEFAULT (NEXT VALUE FOR PUBLIC.SYSTEM_SEQUENCE_14619E06_02A9_4A54_9581_F6412BCA186F) NOT NULL NULL_TO_DEFAULT SEQUENCE PUBLIC.SYSTEM_SEQUENCE_14619E06_02A9_4A54_9581_F6412BCA186F,
    COMMENT VARCHAR(500) NOT NULL,
    COMMENTTITLE VARCHAR(20) NOT NULL,
    TIME TIMESTAMP NOT NULL,
    USERNAME VARCHAR(255),
    CUSTOMERID INTEGER,
    PRODUCTID INTEGER
);      
ALTER TABLE PUBLIC.COMMENT ADD CONSTRAINT PUBLIC.CONSTRAINT_6 PRIMARY KEY(COMMENTID);         
-- 0 +/- SELECT COUNT(*) FROM PUBLIC.COMMENT; 
CREATE CACHED TABLE PUBLIC.CREDITCARD(
    CREDITCARDID INTEGER DEFAULT (NEXT VALUE FOR PUBLIC.SYSTEM_SEQUENCE_BA631F46_5AF3_4E3C_AD92_7362B6B3FCF9) NOT NULL NULL_TO_DEFAULT SEQUENCE PUBLIC.SYSTEM_SEQUENCE_BA631F46_5AF3_4E3C_AD92_7362B6B3FCF9,
    CARDVERIFICATIONVALUE VARCHAR(255) NOT NULL,
    CREDITCARDNAME VARCHAR(255) NOT NULL,
    CREDITCARDNUMBER VARCHAR(255) NOT NULL,
    EXPIRATIONMONTH VARCHAR(255) NOT NULL,
    EXPIRATIONYEAR VARCHAR(255) NOT NULL,
    CUSTOMERID INTEGER
);             
ALTER TABLE PUBLIC.CREDITCARD ADD CONSTRAINT PUBLIC.CONSTRAINT_F PRIMARY KEY(CREDITCARDID);   
-- 2 +/- SELECT COUNT(*) FROM PUBLIC.CREDITCARD;              
INSERT INTO PUBLIC.CREDITCARD(CREDITCARDID, CARDVERIFICATIONVALUE, CREDITCARDNAME, CREDITCARDNUMBER, EXPIRATIONMONTH, EXPIRATIONYEAR, CUSTOMERID) VALUES
(1, '123', 'Cristina Villa', '1234123412341234', '09', '2019', 1),
(2, '123', 'Daniela Cuevas', '1234678923451234', '09', '2020', 2);              
CREATE CACHED TABLE PUBLIC.CUSTOMER(
    CUSTOMERID INTEGER DEFAULT (NEXT VALUE FOR PUBLIC.SYSTEM_SEQUENCE_0038E964_7739_469A_8699_F1E78B57341E) NOT NULL NULL_TO_DEFAULT SEQUENCE PUBLIC.SYSTEM_SEQUENCE_0038E964_7739_469A_8699_F1E78B57341E,
    CUSTOMEREMAIL VARCHAR(255) NOT NULL,
    CUSTOMERNAME VARCHAR(255) NOT NULL,
    CUSTOMERPHONE VARCHAR(255),
    ENABLED BOOLEAN NOT NULL,
    PASSWORD VARCHAR(255) NOT NULL,
    USERNAME VARCHAR(255) NOT NULL,
    CARTID INTEGER,
    CREDITCARDID INTEGER,
    SHIPPINGADDRESSID INTEGER
);              
ALTER TABLE PUBLIC.CUSTOMER ADD CONSTRAINT PUBLIC.CONSTRAINT_5 PRIMARY KEY(CUSTOMERID);       
-- 2 +/- SELECT COUNT(*) FROM PUBLIC.CUSTOMER;
INSERT INTO PUBLIC.CUSTOMER(CUSTOMERID, CUSTOMEREMAIL, CUSTOMERNAME, CUSTOMERPHONE, ENABLED, PASSWORD, USERNAME, CARTID, CREDITCARDID, SHIPPINGADDRESSID) VALUES
(1, 'cristy@gmail.com', 'Cristina Villa', '3061234234', TRUE, 'Abcde12345!', 'cristy', 1, 1, 1),
(2, 'dany@gmail.com', 'Daniela Cuevas', '3059374568', TRUE, 'Abcde12345!', 'dany', 2, 2, 2);              
CREATE CACHED TABLE PUBLIC.CUSTOMERORDER(
    CUSTOMERORDERID INTEGER DEFAULT (NEXT VALUE FOR PUBLIC.SYSTEM_SEQUENCE_1A73F412_358B_43DA_83AA_2BF2119AE6F1) NOT NULL NULL_TO_DEFAULT SEQUENCE PUBLIC.SYSTEM_SEQUENCE_1A73F412_358B_43DA_83AA_2BF2119AE6F1,
    CARTID INTEGER,
    CREDITCARDID INTEGER,
    CUSTOMERID INTEGER,
    SHIPPINGADDRESSID INTEGER
);        
ALTER TABLE PUBLIC.CUSTOMERORDER ADD CONSTRAINT PUBLIC.CONSTRAINT_3 PRIMARY KEY(CUSTOMERORDERID);             
-- 1 +/- SELECT COUNT(*) FROM PUBLIC.CUSTOMERORDER;           
INSERT INTO PUBLIC.CUSTOMERORDER(CUSTOMERORDERID, CARTID, CREDITCARDID, CUSTOMERID, SHIPPINGADDRESSID) VALUES
(1, 1, 1, 1, 1);               
CREATE CACHED TABLE PUBLIC.PRODUCT(
    PRODUCTID INTEGER DEFAULT (NEXT VALUE FOR PUBLIC.SYSTEM_SEQUENCE_AA77DE01_E64C_4AA9_B2F3_BD5417A3ACFE) NOT NULL NULL_TO_DEFAULT SEQUENCE PUBLIC.SYSTEM_SEQUENCE_AA77DE01_E64C_4AA9_B2F3_BD5417A3ACFE,
    PRODUCTAUTHOR VARCHAR(255),
    PRODUCTCATEGORY VARCHAR(255),
    PRODUCTCONDITION VARCHAR(255),
    PRODUCTDESCRIPTION VARCHAR(255),
    PRODUCTNAME VARCHAR(255),
    PRODUCTPRICE DOUBLE NOT NULL,
    PRODUCTPUBLISHER VARCHAR(255),
    PRODUCTRELEASEDATE TIMESTAMP,
    PRODUCTSTATUS VARCHAR(255),
    UNITINSTOCK INTEGER NOT NULL,
    COMMENTID INTEGER,
    RATINGID INTEGER,
    TOPSELLERSTATUS VARCHAR(255),
    PRODUCTAUTHORBIO VARCHAR(255)
);            
ALTER TABLE PUBLIC.PRODUCT ADD CONSTRAINT PUBLIC.CONSTRAINT_18 PRIMARY KEY(PRODUCTID);        
-- 22 +/- SELECT COUNT(*) FROM PUBLIC.PRODUCT;
INSERT INTO PUBLIC.PRODUCT(PRODUCTID, PRODUCTAUTHOR, PRODUCTCATEGORY, PRODUCTCONDITION, PRODUCTDESCRIPTION, PRODUCTNAME, PRODUCTPRICE, PRODUCTPUBLISHER, PRODUCTRELEASEDATE, PRODUCTSTATUS, UNITINSTOCK, COMMENTID, RATINGID, TOPSELLERSTATUS, PRODUCTAUTHORBIO) VALUES
(2, 'Stephenie Meyer', 'Young adult, fanatasy, romance, vampire', 'new', 'This is a romance book', 'Twilight', 25.5, 'Little, Brown, and Company', TIMESTAMP '2005-10-05 00:00:00', 'active', 60, NULL, NULL, 'active', 'Stephenie Meyer is an American novelist and film producer, best known for her vampire romance series Twilight. The Twilight novels have gained worldwide recognition and sold over 100 million copies, with translations into 37 different languages.'),
(1, 'J.K Rowling', 'Fantasy, Drama, Young Adult fiction, mystery, Thriller', 'new', 'Thi is a magical book', 'Harry Potter and The Sorcerer''s Stone', 50.0, 'Bloomsbury Publishing (UK), Scholastic (US)', TIMESTAMP '1997-06-26 00:00:00', 'active', 15, NULL, NULL, 'active', 'Joanne Rowling, CH, OBE, FRSL, FRCPE, writing under the pen names J. K. Rowling and Robert Galbraith, is a British novelist, philanthropist, film and television producer and screenwriter best known for writing the Harry Potter fantasy series.'),
(21, 'Holly Smale', 'Young adult fiction, Fiction', 'new', 'This is a debut novel', 'Geek Girl', 50.0, 'HarperCollins', TIMESTAMP '2013-02-28 00:00:00', 'active', 40, NULL, NULL, 'active', 'Holly Smale is a British writer. Her first published book, Geek Girl, won the 2014 Waterstones Children''s Book Prize and was shortlisted for the Roald Dahl Funny Prize 2013. Smale is writing a 6-book teen fiction series, also called Geek Girl.'),
(20, 'Stephen Hawking', 'Cosmology', 'new', 'This is a study of the universe', 'A Brief History of Time', 75.0, 'Bantam Dell Publishing Group', TIMESTAMP '1988-06-18 00:00:00', 'active', 80, NULL, NULL, 'inactive', 'Stephen William Hawking CH CBE FRS FRSA was an English theoretical physicist, cosmologist, and author, who was director of research at the Centre for Theoretical Cosmology at the University of Cambridge at the time of his death.'),
(19, 'Scarlett Thomas', 'Novel', 'new', 'This a curse book', 'The End of Mr. Y', 16.0, 'Harcourt Books', TIMESTAMP '2006-04-05 00:00:00', 'active', 14, NULL, NULL, 'inactive', 'Scarlett Thomas is an English author and creative writing teacher. She has written nine novels, including The End of Mr. Y and PopCo, and the Worldquake series of children''s books.'),
(18, 'William Gibson', 'Science fiction, cyberpunk', 'new', 'this is a science fiction', 'Neuromancer', 18.2, 'Ace', TIMESTAMP '1984-07-01 00:00:00', 'active', 15, NULL, NULL, 'inactive', 'William Ford Gibson is an American-Canadian speculative fiction writer and essayist widely credited with pioneering the science fiction subgenre known as cyberpunk.'),
(17, 'Douglas Adams', 'Comic science fiction', 'new', 'This is a comedy science fiction', 'The Ultimate Hitchhiker''s Guide to the Galaxy', 14.0, 'Pan Books', TIMESTAMP '1979-10-12 00:00:00', 'active', 6, NULL, NULL, 'inactive', 'Douglas Noel Adams was an English author, scriptwriter, essayist, humorist, satirist and dramatist. Adams was author of The Hitchhiker''s Guide to the Galaxy, which originated in 1978 as a BBC radio'),
(16, 'Neal Stephenson', 'Science fiction, Cyberpunk, Postcyberpunk', 'new', 'This is a science fiction novel', 'Snow Crash', 11.2, 'Bantam Books (USA)', TIMESTAMP '1992-06-24 00:00:00', 'active', 60, NULL, NULL, 'inactive', 'Neal Town Stephenson is an American writer and game designer known for his works of speculative fiction. His novels have been categorized as science fiction, historical fiction, cyberpunk, postcyberpunk, and baroque.'),
(15, 'Isaac Asimov', 'Science fiction', 'new', 'This is a science fiction', 'I, Robot', 50.0, 'Gnome Press', TIMESTAMP '1950-12-02 00:00:00', 'active', 5, NULL, NULL, 'inactive', 'Isaac Asimov was an American writer and professor of biochemistry at Boston University. He was known for his works of science fiction and popular science.'),
(14, 'J. R. R. Tolkien', 'Fantasy, Adventure', 'new', 'This is a fantasy book', 'The Lord of the Rings', 22.2, 'Allen & Unwin', TIMESTAMP '1954-07-29 00:00:00', 'active', 6, NULL, NULL, 'active', 'John Ronald Reuel Tolkien, CBE FRSL was an English writer, poet, philologist, and university professor who is best known as the author of the classic high fantasy works The Hobbit, The Lord of the Rings, and The Silmarillion.');     
INSERT INTO PUBLIC.PRODUCT(PRODUCTID, PRODUCTAUTHOR, PRODUCTCATEGORY, PRODUCTCONDITION, PRODUCTDESCRIPTION, PRODUCTNAME, PRODUCTPRICE, PRODUCTPUBLISHER, PRODUCTRELEASEDATE, PRODUCTSTATUS, UNITINSTOCK, COMMENTID, RATINGID, TOPSELLERSTATUS, PRODUCTAUTHORBIO) VALUES
(13, 'Alan Moore', 'Comic, Superheroes, Futuristic', 'new', 'This is a comic', 'Watchmen', 15.2, 'DC Comics', TIMESTAMP '1986-09-15 00:00:00', 'active', 8, NULL, NULL, 'inactive', 'Alan Moore is an English writer known primarily for his work in comic books including Watchmen, V for Vendetta, The Ballad of Halo Jones and From Hell.'),
(12, 'Steve McConnell', 'Computer programming', 'new', 'This is A Practical Handbook of Software Construction', 'Code Complete', 100.0, '', TIMESTAMP '1993-08-12 00:00:00', 'active', 70, NULL, NULL, 'inactive', 'Steven C. McConnell is an author of software engineering textbooks such as Code Complete, Rapid Development, and Software Estimation. He is cited as an expert in software engineering and project management.'),
(11, 'Ernest Cline', 'LitRPG, Science Fiction, Dystopian', 'new', 'This is a futuristic book', 'Ready Player One', 25.0, 'Random House', TIMESTAMP '2011-08-16 00:00:00', 'active', 40, NULL, NULL, 'active', 'Ernest Christy Cline is an American novelist, slam poet, and screenwriter. He is known for his novels Ready Player One and Armada; he also co-wrote the screenplay for the film adaptation of Ready Player One, directed by Steven Spielberg.'),
(10, 'Mary Shelley', 'Gothic novel, horror fiction, soft science fiction', 'new', 'this is a horror story', 'Frankenstein', 24.0, 'Lackington, hughes, Harding, Mavor & Jones', TIMESTAMP '1818-01-01 00:00:00', 'active', 50, NULL, NULL, 'inactive', 'Mary Wollstonecraft Shelley was an English novelist, short story writer, dramatist, essayist, biographer, and travel writer, best known for her Gothic novel Frankenstein: or, The Modern Prometheus'),
(9, 'Antoine de Saint-Exupery', 'Kid''s literature', 'new', 'This is a kid''s book', 'The Little Prince', 15.0, 'Reynal & Hitchcock', TIMESTAMP '1943-04-20 00:00:00', 'active', 40, NULL, NULL, 'inactive', STRINGDECODE('Antoine Marie Jean-Baptiste Roger, comte de Saint-Exup\u00e9ry was a French writer, poet, aristocrat, journalist, and pioneering aviator. He became a laureate of several of France''s highest literary awards and also won the U.S. National Book Award.')),
(8, 'Veronica Roth', 'Science fiction, dystopia, young adult fiction', 'new', 'This is an adult fiction', 'Divergent', 25.0, 'Katherine Tegen Books', TIMESTAMP '2011-04-26 00:00:00', 'active', 45, NULL, NULL, 'active', 'Veronica Anne Roth is an American novelist and short story writer, known for her debut New York Times bestselling Divergent trilogy, consisting of Divergent, Insurgent, and Allegiant; and Four: A Divergent Collection.'),
(7, 'Arthur Golden', 'Historical novel', 'new', 'This is a life story', 'Memoirs of a Geisha', 22.0, 'Alfred A. Knopf', TIMESTAMP '1997-09-27 00:00:00', 'active', 5, NULL, NULL, 'inactive', 'Arthur Sulzberger Golden is an American writer. He is the author of the bestselling novel Memoirs of a Geisha.'),
(6, 'John Green', 'Young adult novel Realistic Fiction, Drama, romance', 'new', 'This is a Romance book', 'The Fault in Our Stars', 20.0, 'Dutton Books', TIMESTAMP '2012-01-10 00:00:00', 'active', 65, NULL, NULL, 'inactive', 'John Michael Green is an American author, vlogger, writer, producer, actor, editor, and educator. He won the 2006 Printz Award for his debut novel, Looking for Alaska, and his sixth novel, The Fault in ...'),
(5, 'Suzanne Collins', 'Dystopian, adventure, science fiction, drama, action', 'new', 'This is a fictional book', 'The Hunger Games', 23.0, 'Scholastic', TIMESTAMP '2008-09-14 00:00:00', 'active', 40, NULL, NULL, 'active', 'Suzanne Collins is an American television writer and author, best known as the author of The New York Times best selling series The Underland Chronicles and The Hunger Games trilogy.'),
(4, 'Stephen King', 'Horror, Thriller', 'new', 'This is a scary book', 'IT', 20.0, 'Viking', TIMESTAMP '1986-09-15 00:00:00', 'active', 18, NULL, NULL, 'inactive', 'Stephen Edwin King is an American author of horror, supernatural fiction, suspense, science fiction and fantasy');               
INSERT INTO PUBLIC.PRODUCT(PRODUCTID, PRODUCTAUTHOR, PRODUCTCATEGORY, PRODUCTCONDITION, PRODUCTDESCRIPTION, PRODUCTNAME, PRODUCTPRICE, PRODUCTPUBLISHER, PRODUCTRELEASEDATE, PRODUCTSTATUS, UNITINSTOCK, COMMENTID, RATINGID, TOPSELLERSTATUS, PRODUCTAUTHORBIO) VALUES
(3, 'C.S. Lewis', 'Fantasy Children''s literature', 'new', 'This is a fantasy book', 'Narnia', 15.4, 'HaperCollins', TIMESTAMP '1950-10-16 00:00:00', 'active', 50, NULL, NULL, 'inactive', 'Clive Staples Lewis was a British novelist, poet, academic, medievalist, literary critic, essayist, lay theologian, broadcaster, lecturer, and Christian apologist. He held academic positions at both Oxford University and Cambridge University.'),
(22, 'Stephenie Meyer', 'Young adult, Fantasy, Romance', 'new', 'this is a romance book', 'Eclipse', 15.0, 'Little, Brown', TIMESTAMP '2007-08-07 00:00:00', 'active', 4, NULL, NULL, 'inactive', 'Stephenie Meyer is an American novelist and film producer, best known for her vampire romance series Twilight. The Twilight novels have gained worldwide recognition and sold over 100 million copies, with translations into 37 different languages');       
CREATE CACHED TABLE PUBLIC.RATING(
    RATINGID INTEGER DEFAULT (NEXT VALUE FOR PUBLIC.SYSTEM_SEQUENCE_CACE10EF_7FBE_4596_8BBD_9629A356C35E) NOT NULL NULL_TO_DEFAULT SEQUENCE PUBLIC.SYSTEM_SEQUENCE_CACE10EF_7FBE_4596_8BBD_9629A356C35E,
    RATING INTEGER NOT NULL,
    TIME TIMESTAMP,
    CUSTOMERID INTEGER,
    PRODUCTID INTEGER
);           
ALTER TABLE PUBLIC.RATING ADD CONSTRAINT PUBLIC.CONSTRAINT_8 PRIMARY KEY(RATINGID);           
-- 0 +/- SELECT COUNT(*) FROM PUBLIC.RATING;  
CREATE CACHED TABLE PUBLIC.SHIPPINGADDRESS(
    SHIPPINGADDRESSID INTEGER DEFAULT (NEXT VALUE FOR PUBLIC.SYSTEM_SEQUENCE_C68BAFC9_AE8D_42E0_A60B_71535ECD97DA) NOT NULL NULL_TO_DEFAULT SEQUENCE PUBLIC.SYSTEM_SEQUENCE_C68BAFC9_AE8D_42E0_A60B_71535ECD97DA,
    APARTMENTNUMBER VARCHAR(255),
    CITY VARCHAR(255),
    COUNTRY VARCHAR(255),
    STATE VARCHAR(255),
    STREETNAME VARCHAR(255),
    ZIPCODE VARCHAR(255),
    CUSTOMERID INTEGER
);            
ALTER TABLE PUBLIC.SHIPPINGADDRESS ADD CONSTRAINT PUBLIC.CONSTRAINT_26 PRIMARY KEY(SHIPPINGADDRESSID);        
-- 2 +/- SELECT COUNT(*) FROM PUBLIC.SHIPPINGADDRESS;         
INSERT INTO PUBLIC.SHIPPINGADDRESS(SHIPPINGADDRESSID, APARTMENTNUMBER, CITY, COUNTRY, STATE, STREETNAME, ZIPCODE, CUSTOMERID) VALUES
(1, '', 'Miami', 'Usa', 'Florida', '123 nw 56 st', '33178', 1),
(2, '209', 'Miami', 'USA', 'Florida', '123 nw 90th st', '33178', 2);   
CREATE CACHED TABLE PUBLIC.USERS(
    USERID INTEGER DEFAULT (NEXT VALUE FOR PUBLIC.SYSTEM_SEQUENCE_5AA7CC33_0CF2_4D67_86D7_5EBF2FC3D1D1) NOT NULL NULL_TO_DEFAULT SEQUENCE PUBLIC.SYSTEM_SEQUENCE_5AA7CC33_0CF2_4D67_86D7_5EBF2FC3D1D1,
    CUSTOMERID INTEGER NOT NULL,
    ENABLED BOOLEAN NOT NULL,
    PASSWORD VARCHAR(255),
    USERNAME VARCHAR(255)
);         
ALTER TABLE PUBLIC.USERS ADD CONSTRAINT PUBLIC.CONSTRAINT_4 PRIMARY KEY(USERID);              
-- 3 +/- SELECT COUNT(*) FROM PUBLIC.USERS;   
INSERT INTO PUBLIC.USERS(USERID, CUSTOMERID, ENABLED, PASSWORD, USERNAME) VALUES
(1, 0, TRUE, 'admin', 'admin'),
(2, 1, TRUE, 'Abcde12345!', 'cristy'),
(3, 2, TRUE, 'Abcde12345!', 'dany');               
ALTER TABLE PUBLIC.CARTITEM ADD CONSTRAINT PUBLIC.FK4393E73EBF266E FOREIGN KEY(CARTID) REFERENCES PUBLIC.CART(CARTID) NOCHECK;
ALTER TABLE PUBLIC.COMMENT ADD CONSTRAINT PUBLIC.FK9BDE863FE0D536EA FOREIGN KEY(CUSTOMERID) REFERENCES PUBLIC.CUSTOMER(CUSTOMERID) NOCHECK;   
ALTER TABLE PUBLIC.CARTITEM ADD CONSTRAINT PUBLIC.FK4393E7396F47F46 FOREIGN KEY(PRODUCTID) REFERENCES PUBLIC.PRODUCT(PRODUCTID) NOCHECK;      
ALTER TABLE PUBLIC.CART ADD CONSTRAINT PUBLIC.FK1FEF40E0D536EA FOREIGN KEY(CUSTOMERID) REFERENCES PUBLIC.CUSTOMER(CUSTOMERID) NOCHECK;        
ALTER TABLE PUBLIC.CUSTOMERORDER ADD CONSTRAINT PUBLIC.FKAEF781F0DCADD6E0 FOREIGN KEY(CREDITCARDID) REFERENCES PUBLIC.CREDITCARD(CREDITCARDID) NOCHECK;       
ALTER TABLE PUBLIC.CUSTOMERORDER ADD CONSTRAINT PUBLIC.FKAEF781F029925394 FOREIGN KEY(SHIPPINGADDRESSID) REFERENCES PUBLIC.SHIPPINGADDRESS(SHIPPINGADDRESSID) NOCHECK;        
ALTER TABLE PUBLIC.COMMENT ADD CONSTRAINT PUBLIC.FK9BDE863F96F47F46 FOREIGN KEY(PRODUCTID) REFERENCES PUBLIC.PRODUCT(PRODUCTID) NOCHECK;      
ALTER TABLE PUBLIC.SHIPPINGADDRESS ADD CONSTRAINT PUBLIC.FKBB1EE46E0D536EA FOREIGN KEY(CUSTOMERID) REFERENCES PUBLIC.CUSTOMER(CUSTOMERID) NOCHECK;            
ALTER TABLE PUBLIC.PRODUCT ADD CONSTRAINT PUBLIC.FK50C664CF8E2B6F68 FOREIGN KEY(RATINGID) REFERENCES PUBLIC.RATING(RATINGID) NOCHECK;         
ALTER TABLE PUBLIC.RATING ADD CONSTRAINT PUBLIC.FK917A9DBD96F47F46 FOREIGN KEY(PRODUCTID) REFERENCES PUBLIC.PRODUCT(PRODUCTID) NOCHECK;       
ALTER TABLE PUBLIC.CUSTOMER ADD CONSTRAINT PUBLIC.FK27FBE3FE29925394 FOREIGN KEY(SHIPPINGADDRESSID) REFERENCES PUBLIC.SHIPPINGADDRESS(SHIPPINGADDRESSID) NOCHECK;             
ALTER TABLE PUBLIC.CUSTOMERORDER ADD CONSTRAINT PUBLIC.FKAEF781F0E0D536EA FOREIGN KEY(CUSTOMERID) REFERENCES PUBLIC.CUSTOMER(CUSTOMERID) NOCHECK;             
ALTER TABLE PUBLIC.RATING ADD CONSTRAINT PUBLIC.FK917A9DBDE0D536EA FOREIGN KEY(CUSTOMERID) REFERENCES PUBLIC.CUSTOMER(CUSTOMERID) NOCHECK;    
ALTER TABLE PUBLIC.CUSTOMERORDER ADD CONSTRAINT PUBLIC.FKAEF781F0EBF266E FOREIGN KEY(CARTID) REFERENCES PUBLIC.CART(CARTID) NOCHECK;          
ALTER TABLE PUBLIC.PRODUCT ADD CONSTRAINT PUBLIC.FK50C664CFC7A22626 FOREIGN KEY(COMMENTID) REFERENCES PUBLIC.COMMENT(COMMENTID) NOCHECK;      
ALTER TABLE PUBLIC.CUSTOMER ADD CONSTRAINT PUBLIC.FK27FBE3FEEBF266E FOREIGN KEY(CARTID) REFERENCES PUBLIC.CART(CARTID) NOCHECK;               
ALTER TABLE PUBLIC.CUSTOMER ADD CONSTRAINT PUBLIC.FK27FBE3FEDCADD6E0 FOREIGN KEY(CREDITCARDID) REFERENCES PUBLIC.CREDITCARD(CREDITCARDID) NOCHECK;            
ALTER TABLE PUBLIC.CREDITCARD ADD CONSTRAINT PUBLIC.FK552751C9E0D536EA FOREIGN KEY(CUSTOMERID) REFERENCES PUBLIC.CUSTOMER(CUSTOMERID) NOCHECK;
